change_id	change_type	ags_new	name_new	ags_old	name_old	change_date_stat
03/2014/0001-R	1	03153017	Goslar, Stadt	03153005	Goslar, Stadt	01.01.2014
03/2014/0001-R	1	03153017	Goslar, Stadt	03153013	Vienenburg, Stadt	01.01.2014
03/2014/0002-R	1	03352060	Hagen im Bremischen	03352007	Bramstedt	01.01.2014
03/2014/0002-R	1	03352060	Hagen im Bremischen	03352014	Driftsethe	01.01.2014
03/2014/0002-R	1	03352060	Hagen im Bremischen	03352019	Hagen im Bremischen	01.01.2014
03/2014/0002-R	1	03352060	Hagen im Bremischen	03352049	Sandstedt	01.01.2014
03/2014/0002-R	1	03352060	Hagen im Bremischen	03352054	Uthlede	01.01.2014
03/2014/0002-R	1	03352060	Hagen im Bremischen	03352058	Wulsbüttel	01.01.2014
03/2014/0003-R	3	03359014	Düdenbüttel	03359014	Düdenbüttel	01.01.2014
03/2014/0003-R	3	03359015	Engelschoff	03359015	Engelschoff	01.01.2014
03/2014/0003-R	3	03359019	Großenwörden	03359019	Großenwörden	01.01.2014
03/2014/0003-R	3	03359022	Hammah	03359022	Hammah	01.01.2014
03/2014/0003-R	3	03359025	Himmelpforten	03359025	Himmelpforten	01.01.2014
03/2014/0003-R	3	03359009	Burweg	03359009	Burweg	01.01.2014
03/2014/0003-R	3	03359016	Estorf	03359016	Estorf	01.01.2014
03/2014/0003-R	3	03359024	Heinbockel	03359024	Heinbockel	01.01.2014
03/2014/0003-R	3	03359029	Kranenburg	03359029	Kranenburg	01.01.2014
03/2014/0003-R	3	03359036	Oldendorf	03359036	Oldendorf	01.01.2014
03/2014/0004-R	1	03351025	Eschede	03351009	Eschede	01.01.2014
03/2014/0004-R	1	03351025	Eschede	03351011	Habighorst	01.01.2014
03/2014/0004-R	1	03351025	Eschede	03351014	Höfer	01.01.2014
03/2014/0004-R	1	03351025	Eschede	03351019	Scharnhorst	01.01.2014
14/2014/0001-R	1	14521495	Pockau-Lengefeld, Stadt	14521360	Lengefeld, Stadt	01.01.2014
14/2014/0001-R	1	14521495	Pockau-Lengefeld, Stadt	14521490	Pockau	01.01.2014
14/2014/0002-R	1	14628060	Dippoldiswalde, Stadt	14628350	Schmiedeberg	01.01.2014
14/2014/0003-R	1	14523200	Markneukirchen, Stadt	14523110	Erlbach	01.01.2014
14/2014/0003-R	3	14523200	Markneukirchen, Stadt	14523200	Markneukirchen, Stadt	01.01.2014
14/2014/0004-R	1	14627180	Nossen, Stadt	14627090	Ketzerbachtal	01.01.2014
14/2014/0004-R	1	14627180	Nossen, Stadt	14627120	Leuben-Schleinitz	01.01.2014
01/2014/0001-R	3	01057001	Ascheberg (Holstein)	01057001	Ascheberg (Holstein)	01.01.2014
01/2014/0001-R	3	01057009	Bösdorf	01057009	Bösdorf	01.01.2014
14/2014/0005-R	1	14626450	Reichenbach/O.L., Stadt	14626540	Sohland a. Rotstein	01.01.2014
15/2014/0004-R	1	15085235	Quedlinburg, Stadt	15085035	Bad Suderode	01.01.2014
15/2014/0004-R	1	15085235	Quedlinburg, Stadt	15085120	Gernrode, Stadt	01.01.2014
15/2014/0005-R	1	15083270	Haldensleben, Stadt	15083495	Süplingen	01.01.2014
15/2014/0008-R	1	15091391	Zahna-Elster, Stadt	15091230	Mühlanger	01.01.2014
12/2014/0001-R	1	12067072	Briesen (Mark)	12067310	Madlitz-Wilmersdorf	01.01.2014
13/2014/0001-R	4	13071174	Schloen-Dratow	13071174	Dratow-Schloen	01.01.2014
13/2014/0002-R	1	13075155	Neetzow-Liepen	13075077	Liepen	01.01.2014
13/2014/0002-R	1	13075155	Neetzow-Liepen	13075096	Neetzow	01.01.2014
13/2014/0003-R	1	13076165	Gehlsbach	13076066	Karbow-Vietlübbe	01.01.2014
13/2014/0003-R	1	13076165	Gehlsbach	13076144	Wahlstorf	01.01.2014
13/2014/0004-R	1	13073077	Saal	13073008	Bartelshagen II b. Barth	01.01.2014
13/2014/0005-R	3	13076005	Banzkow	13076005	Banzkow	01.01.2014
13/2014/0005-R	3	13076113	Plate	13076113	Plate	01.01.2014
13/2014/0005-R	3	13076133	Sukow	13076133	Sukow	01.01.2014
13/2014/0005-R	3	13076007	Barnin	13076007	Barnin	01.01.2014
13/2014/0005-R	3	13076023	Bülow	13076023	Bülow	01.01.2014
13/2014/0005-R	3	13076025	Crivitz, Stadt	13076025	Crivitz, Stadt	01.01.2014
13/2014/0005-R	3	13076029	Demen	13076029	Demen	01.01.2014
13/2014/0005-R	3	13076038	Friedrichsruhe	13076038	Friedrichsruhe	01.01.2014
13/2014/0005-R	3	13076140	Tramm	13076140	Tramm	01.01.2014
13/2014/0005-R	3	13076158	Zapel	13076158	Zapel	01.01.2014
13/2014/0005-R	3	13076024	Cambs	13076024	Cambs	01.01.2014
13/2014/0005-R	3	13076033	Dobin am See	13076033	Dobin am See	01.01.2014
13/2014/0005-R	3	13076044	Gneven	13076044	Gneven	01.01.2014
13/2014/0005-R	3	13076080	Langen Brütz	13076080	Langen Brütz	01.01.2014
13/2014/0005-R	3	13076082	Leezen	13076082	Leezen	01.01.2014
13/2014/0005-R	3	13076112	Pinnow	13076112	Pinnow	01.01.2014
13/2014/0005-R	3	13076117	Raben Steinfeld	13076117	Raben Steinfeld	01.01.2014
13/2014/0006-R	3	13074059	Papenhusen	13074059	Papenhusen	01.01.2014
13/2014/0007-R	1	13071035	Friedland, Stadt	13071031	Eichhorst	01.05.2014
13/2014/0007-R	1	13071035	Friedland, Stadt	13071040	Glienke	01.05.2014
13/2014/0008-R	1	13071099	Mirow, Stadt	13071126	Roggentin	01.05.2014
13/2014/0009-R	1	13071021	Burg Stargard, Stadt	13071024	Cammin	01.05.2014
13/2014/0010-R	1	13071164	Woldegk, Stadt	13071061	Helpt	01.05.2014
13/2014/0011-R	1	13072063	Lalendorf	13072065	Langhagen	01.05.2014
13/2014/0012-R	1	13074093	Stepenitztal	13074011	Börzow	01.05.2014
13/2014/0012-R	1	13074093	Stepenitztal	13074051	Mallentin	01.05.2014
13/2014/0012-R	1	13074093	Stepenitztal	13074059	Papenhusen	01.05.2014
13/2014/0013-R	1	13074065	Rehna, Stadt	13074055	Nesow	01.05.2014
13/2014/0013-R	1	13074065	Rehna, Stadt	13074083	Vitense	01.05.2014
13/2014/0014-R	1	13075131	Torgelow, Stadt	13075132	Torgelow-Holländerei	01.05.2014
13/2014/0014-R	1	13075131	Torgelow, Stadt	13075047	Heinrichsruh	01.05.2014
13/2014/0015-R	1	13075044	Gützkow, Stadt	13075064	Kölzin	01.05.2014
13/2014/0016-R	1	13076089	Lübz, Stadt	13076091	Lutheran	01.05.2014
13/2014/0017-R	1	13076035	Domsühl	13076124	Severin	01.05.2014
13/2014/0018-R	1	13076108	Parchim, Stadt	13076028	Damm	01.05.2014
13/2014/0019-R	1	13076152	Wittenburg, Stadt	13076074	Körchow	01.05.2014
13/2014/0019-R	1	13076152	Wittenburg, Stadt	13076083	Lehsen	01.05.2014
13/2014/0020-R	1	13076166	Ganzlin	13076022	Buchberg	01.05.2014
13/2014/0020-R	1	13076166	Ganzlin	13076042	Ganzlin	01.05.2014
13/2014/0020-R	1	13076166	Ganzlin	13076149	Wendisch Priborn	01.05.2014
03/2014/0005-R	4	03359010	Buxtehude, Hansestadt	03359010	Buxtehude, Stadt	01.06.2014
12/2014/0006-R	3	12061017	Bersteland	12061017	Bersteland	01.06.2014
12/2014/0006-R	3	12061097	Drahnsdorf	12061097	Drahnsdorf	01.06.2014
12/2014/0006-R	3	12061164	Golßen, Stadt	12061164	Golßen, Stadt	01.06.2014
12/2014/0006-R	3	12061244	Kasel-Golzig	12061244	Kasel-Golzig	01.06.2014
12/2014/0006-R	3	12061265	Krausnick-Groß Wasserburg	12061265	Krausnick-Groß Wasserburg	01.06.2014
12/2014/0006-R	3	12061405	Rietzneuendorf-Staakow	12061405	Rietzneuendorf-Staakow	01.06.2014
12/2014/0006-R	3	12061428	Schlepzig	12061428	Schlepzig	01.06.2014
12/2014/0006-R	3	12061435	Schönwald	12061435	Schönwald	01.06.2014
12/2014/0006-R	3	12061471	Steinreich	12061471	Steinreich	01.06.2014
12/2014/0006-R	3	12061510	Unterspreewald	12061510	Unterspreewald	01.06.2014
14/2014/0006-R	1	14729320	Neukieritzsch	14729090	Deutzen	01.07.2014
14/2014/0006-R	3	14729360	Regis-Breitingen, Stadt	14729360	Regis-Breitingen, Stadt	01.07.2014
07/2014/0001-R	3	07132050	Herdorf, Stadt	07132050	Herdorf, Stadt	01.07.2014
07/2014/0002-R	1	07133006	Bad Kreuznach, Stadt	07133007	Bad Münster am Stein-Ebernburg, Stadt	01.07.2014
07/2014/0003-R	3	07135009	Binningen	07135009	Binningen	01.07.2014
07/2014/0003-R	3	07135014	Brieden	07135014	Brieden	01.07.2014
07/2014/0003-R	3	07135016	Brohl	07135016	Brohl	01.07.2014
07/2014/0003-R	3	07135022	Dünfus	07135022	Dünfus	01.07.2014
07/2014/0003-R	3	07135031	Forst (Eifel)	07135031	Forst (Eifel)	01.07.2014
07/2014/0003-R	3	07135044	Kail	07135044	Kail	01.07.2014
07/2014/0003-R	3	07140502	Lahr	07135050	Lahr	01.07.2014
07/2014/0003-R	3	07135053	Lieg	07135053	Lieg	01.07.2014
07/2014/0003-R	3	07135056	Lütz	07135056	Lütz	01.07.2014
07/2014/0003-R	3	07135062	Möntenich	07135062	Möntenich	01.07.2014
07/2014/0003-R	3	07140503	Mörsdorf	07135063	Mörsdorf	01.07.2014
07/2014/0003-R	3	07135065	Moselkern	07135065	Moselkern	01.07.2014
07/2014/0003-R	3	07135066	Müden (Mosel)	07135066	Müden (Mosel)	01.07.2014
07/2014/0003-R	3	07135072	Pommern	07135072	Pommern	01.07.2014
07/2014/0003-R	3	07135075	Roes	07135075	Roes	01.07.2014
07/2014/0003-R	3	07135082	Treis-Karden	07135082	Treis-Karden	01.07.2014
07/2014/0003-R	3	07140504	Zilshausen	07135094	Zilshausen	01.07.2014
07/2014/0004-R	3	07137204	Brey	07137204	Brey	01.07.2014
07/2014/0004-R	3	07137221	Rhens, Stadt	07137221	Rhens, Stadt	01.07.2014
07/2014/0004-R	3	07137223	Spay	07137223	Spay	01.07.2014
07/2014/0004-R	3	07137227	Waldesch	07137227	Waldesch	01.07.2014
07/2014/0004-R	3	07137201	Alken	07137201	Alken	01.07.2014
07/2014/0004-R	3	07137205	Brodenbach	07137205	Brodenbach	01.07.2014
07/2014/0004-R	3	07137206	Burgen	07137206	Burgen	01.07.2014
07/2014/0004-R	3	07137207	Dieblich	07137207	Dieblich	01.07.2014
07/2014/0004-R	3	07137208	Hatzenport	07137208	Hatzenport	01.07.2014
07/2014/0004-R	3	07137212	Kobern-Gondorf	07137212	Kobern-Gondorf	01.07.2014
07/2014/0004-R	3	07137214	Löf	07137214	Löf	01.07.2014
07/2014/0004-R	3	07137215	Macken	07137215	Macken	01.07.2014
07/2014/0004-R	3	07137217	Niederfell	07137217	Niederfell	01.07.2014
07/2014/0004-R	3	07137219	Nörtershausen	07137219	Nörtershausen	01.07.2014
07/2014/0004-R	3	07137220	Oberfell	07137220	Oberfell	01.07.2014
07/2014/0004-R	3	07137230	Winningen	07137230	Winningen	01.07.2014
07/2014/0004-R	3	07137231	Wolken	07137231	Wolken	01.07.2014
07/2014/0004-R	3	07137504	Lehmen	07137504	Lehmen	01.07.2014
07/2014/0005-R	3	07231009	Bettenfeld	07231009	Bettenfeld	01.07.2014
07/2014/0005-R	3	07231021	Dierfeld	07231021	Dierfeld	01.07.2014
07/2014/0005-R	3	07231025	Eckfeld	07231025	Eckfeld	01.07.2014
07/2014/0005-R	3	07231026	Eisenschmitt	07231026	Eisenschmitt	01.07.2014
07/2014/0005-R	3	07231036	Gipperath	07231036	Gipperath	01.07.2014
07/2014/0005-R	3	07231044	Greimerath	07231044	Greimerath	01.07.2014
07/2014/0005-R	3	07231046	Großlittgen	07231046	Großlittgen	01.07.2014
07/2014/0005-R	3	07231049	Hasborn	07231049	Hasborn	01.07.2014
07/2014/0005-R	3	07231065	Karl	07231065	Karl	01.07.2014
07/2014/0005-R	3	07231074	Laufeld	07231074	Laufeld	01.07.2014
07/2014/0005-R	3	07231080	Manderscheid, Stadt	07231080	Manderscheid, Stadt	01.07.2014
07/2014/0005-R	3	07231082	Meerfeld	07231082	Meerfeld	01.07.2014
07/2014/0005-R	3	07231091	Musweiler	07231091	Musweiler	01.07.2014
07/2014/0005-R	3	07231095	Niederöfflingen	07231095	Niederöfflingen	01.07.2014
07/2014/0005-R	3	07231096	Niederscheidweiler	07231096	Niederscheidweiler	01.07.2014
07/2014/0005-R	3	07231100	Oberöfflingen	07231100	Oberöfflingen	01.07.2014
07/2014/0005-R	3	07231101	Oberscheidweiler	07231101	Oberscheidweiler	01.07.2014
07/2014/0005-R	3	07231104	Pantenburg	07231104	Pantenburg	01.07.2014
07/2014/0005-R	3	07231114	Schladt	07231114	Schladt	01.07.2014
07/2014/0005-R	3	07231116	Schwarzenborn	07231116	Schwarzenborn	01.07.2014
07/2014/0005-R	3	07231127	Wallscheid	07231127	Wallscheid	01.07.2014
07/2014/0006-R	3	07231004	Bausendorf	07231004	Bausendorf	01.07.2014
07/2014/0006-R	3	07231005	Bengel	07231005	Bengel	01.07.2014
07/2014/0006-R	3	07231020	Diefenbach	07231020	Diefenbach	01.07.2014
07/2014/0006-R	3	07231033	Flußbach	07231033	Flußbach	01.07.2014
07/2014/0006-R	3	07231057	Hontheim	07231057	Hontheim	01.07.2014
07/2014/0006-R	3	07231067	Kinderbeuern	07231067	Kinderbeuern	01.07.2014
07/2014/0006-R	3	07231068	Kinheim	07231068	Kinheim	01.07.2014
07/2014/0006-R	3	07231072	Kröv	07231072	Kröv	01.07.2014
07/2014/0006-R	3	07231110	Reil	07231110	Reil	01.07.2014
07/2014/0006-R	3	07231132	Willwerscheid	07231132	Willwerscheid	01.07.2014
07/2014/0006-R	3	07231014	Burg (Mosel)	07231014	Burg (Mosel)	01.07.2014
07/2014/0006-R	3	07231029	Enkirch	07231029	Enkirch	01.07.2014
07/2014/0006-R	3	07231120	Starkenburg	07231120	Starkenburg	01.07.2014
07/2014/0006-R	3	07231124	Traben-Trarbach, Stadt	07231124	Traben-Trarbach, Stadt	01.07.2014
07/2014/0006-R	3	07231206	Lötzbeuren	07231206	Lötzbeuren	01.07.2014
07/2014/0006-R	3	07231501	Irmenach	07231501	Irmenach	01.07.2014
07/2014/0007-R	3	07232002	Alsdorf	07232002	Alsdorf	01.07.2014
07/2014/0007-R	3	07232019	Bollendorf	07232019	Bollendorf	01.07.2014
07/2014/0007-R	3	07232028	Echternacherbrück	07232028	Echternacherbrück	01.07.2014
07/2014/0007-R	3	07232033	Ernzen	07232033	Ernzen	01.07.2014
07/2014/0007-R	3	07232037	Ferschweiler	07232037	Ferschweiler	01.07.2014
07/2014/0007-R	3	07232053	Holsthum	07232053	Holsthum	01.07.2014
07/2014/0007-R	3	07232063	Irrel	07232063	Irrel	01.07.2014
07/2014/0007-R	3	07232065	Kaschenbach	07232065	Kaschenbach	01.07.2014
07/2014/0007-R	3	07232078	Menningen	07232078	Menningen	01.07.2014
07/2014/0007-R	3	07232082	Minden	07232082	Minden	01.07.2014
07/2014/0007-R	3	07232093	Niederweis	07232093	Niederweis	01.07.2014
07/2014/0007-R	3	07232103	Peffingen	07232103	Peffingen	01.07.2014
07/2014/0007-R	3	07232108	Prümzurlay	07232108	Prümzurlay	01.07.2014
07/2014/0007-R	3	07232114	Schankweiler	07232114	Schankweiler	01.07.2014
07/2014/0007-R	3	07232131	Wallendorf	07232131	Wallendorf	01.07.2014
07/2014/0007-R	3	07232218	Eisenach	07232218	Eisenach	01.07.2014
07/2014/0007-R	3	07232225	Gilzem	07232225	Gilzem	01.07.2014
07/2014/0008-R	3	07232009	Baustert	07232009	Baustert	01.07.2014
07/2014/0008-R	3	07232013	Bettingen	07232013	Bettingen	01.07.2014
07/2014/0008-R	3	07232014	Bickendorf	07232014	Bickendorf	01.07.2014
07/2014/0008-R	3	07232015	Biersdorf am See	07232015	Biersdorf am See	01.07.2014
07/2014/0008-R	3	07232017	Birtlingen	07232017	Birtlingen	01.07.2014
07/2014/0008-R	3	07232020	Brecht	07232020	Brecht	01.07.2014
07/2014/0008-R	3	07232021	Brimingen	07232021	Brimingen	01.07.2014
07/2014/0008-R	3	07232024	Dahlem	07232024	Dahlem	01.07.2014
07/2014/0008-R	3	07232026	Dockendorf	07232026	Dockendorf	01.07.2014
07/2014/0008-R	3	07232027	Dudeldorf	07232027	Dudeldorf	01.07.2014
07/2014/0008-R	3	07232029	Echtershausen	07232029	Echtershausen	01.07.2014
07/2014/0008-R	3	07232030	Ehlenz	07232030	Ehlenz	01.07.2014
07/2014/0008-R	3	07232032	Enzen	07232032	Enzen	01.07.2014
07/2014/0008-R	3	07232034	Eßlingen	07232034	Eßlingen	01.07.2014
07/2014/0008-R	3	07232036	Feilsdorf	07232036	Feilsdorf	01.07.2014
07/2014/0008-R	3	07232039	Fließem	07232039	Fließem	01.07.2014
07/2014/0008-R	3	07232044	Gondorf	07232044	Gondorf	01.07.2014
07/2014/0008-R	3	07232045	Halsdorf	07232045	Halsdorf	01.07.2014
07/2014/0008-R	3	07232046	Hamm	07232046	Hamm	01.07.2014
07/2014/0008-R	3	07232048	Heilenbach	07232048	Heilenbach	01.07.2014
07/2014/0008-R	3	07232052	Hisel	07232052	Hisel	01.07.2014
07/2014/0008-R	3	07232057	Hütterscheid	07232057	Hütterscheid	01.07.2014
07/2014/0008-R	3	07232058	Hüttingen an der Kyll	07232058	Hüttingen an der Kyll	01.07.2014
07/2014/0008-R	3	07232060	Idenheim	07232060	Idenheim	01.07.2014
07/2014/0008-R	3	07232061	Idesheim	07232061	Idesheim	01.07.2014
07/2014/0008-R	3	07232062	Ingendorf	07232062	Ingendorf	01.07.2014
07/2014/0008-R	3	07232074	Ließem	07232074	Ließem	01.07.2014
07/2014/0008-R	3	07232077	Meckel	07232077	Meckel	01.07.2014
07/2014/0008-R	3	07232079	Messerich	07232079	Messerich	01.07.2014
07/2014/0008-R	3	07232081	Metterich	07232081	Metterich	01.07.2014
07/2014/0008-R	3	07232083	Mülbach	07232083	Mülbach	01.07.2014
07/2014/0008-R	3	07232086	Nattenheim	07232086	Nattenheim	01.07.2014
07/2014/0008-R	3	07232091	Niederstedem	07232091	Niederstedem	01.07.2014
07/2014/0008-R	3	07232092	Niederweiler	07232092	Niederweiler	01.07.2014
07/2014/0008-R	3	07232097	Oberstedem	07232097	Oberstedem	01.07.2014
07/2014/0008-R	3	07232098	Oberweiler	07232098	Oberweiler	01.07.2014
07/2014/0008-R	3	07232099	Oberweis	07232099	Oberweis	01.07.2014
07/2014/0008-R	3	07232100	Olsdorf	07232100	Olsdorf	01.07.2014
07/2014/0008-R	3	07232109	Rittersdorf	07232109	Rittersdorf	01.07.2014
07/2014/0008-R	3	07232111	Röhl	07232111	Röhl	01.07.2014
07/2014/0008-R	3	07232115	Scharfbillig	07232115	Scharfbillig	01.07.2014
07/2014/0008-R	3	07232118	Schleid	07232118	Schleid	01.07.2014
07/2014/0008-R	3	07232119	Seffern	07232119	Seffern	01.07.2014
07/2014/0008-R	3	07232120	Sefferweich	07232120	Sefferweich	01.07.2014
07/2014/0008-R	3	07232124	Stockem	07232124	Stockem	01.07.2014
07/2014/0008-R	3	07232125	Sülm	07232125	Sülm	01.07.2014
07/2014/0008-R	3	07232126	Trimport	07232126	Trimport	01.07.2014
07/2014/0008-R	3	07232133	Wettlingen	07232133	Wettlingen	01.07.2014
07/2014/0008-R	3	07232134	Wiersdorf	07232134	Wiersdorf	01.07.2014
07/2014/0008-R	3	07232137	Wolsfeld	07232137	Wolsfeld	01.07.2014
07/2014/0008-R	3	07232501	Wißmannsdorf	07232501	Wißmannsdorf	01.07.2014
07/2014/0008-R	3	07232007	Badem	07232007	Badem	01.07.2014
07/2014/0008-R	3	07232035	Etteldorf	07232035	Etteldorf	01.07.2014
07/2014/0008-R	3	07232043	Gindorf	07232043	Gindorf	01.07.2014
07/2014/0008-R	3	07232070	Kyllburg, Stadt	07232070	Kyllburg, Stadt	01.07.2014
07/2014/0008-R	3	07232071	Kyllburgweiler	07232071	Kyllburgweiler	01.07.2014
07/2014/0008-R	3	07232075	Malberg	07232075	Malberg	01.07.2014
07/2014/0008-R	3	07232076	Malbergweich	07232076	Malbergweich	01.07.2014
07/2014/0008-R	3	07232087	Neidenbach	07232087	Neidenbach	01.07.2014
07/2014/0008-R	3	07232101	Orsfeld	07232101	Orsfeld	01.07.2014
07/2014/0008-R	3	07232105	Pickließem	07232105	Pickließem	01.07.2014
07/2014/0008-R	3	07232113	Sankt Thomas	07232113	Sankt Thomas	01.07.2014
07/2014/0008-R	3	07232129	Usch	07232129	Usch	01.07.2014
07/2014/0008-R	3	07232135	Wilsecker	07232135	Wilsecker	01.07.2014
07/2014/0008-R	3	07232203	Balesfeld	07232203	Balesfeld	01.07.2014
07/2014/0008-R	3	07232210	Burbach	07232210	Burbach	01.07.2014
07/2014/0008-R	3	07232228	Gransdorf	07232228	Gransdorf	01.07.2014
07/2014/0008-R	3	07232273	Neuheilenbach	07232273	Neuheilenbach	01.07.2014
07/2014/0008-R	3	07232282	Oberkail	07232282	Oberkail	01.07.2014
07/2014/0008-R	3	07232306	Seinsfeld	07232306	Seinsfeld	01.07.2014
07/2014/0008-R	3	07232313	Steinborn	07232313	Steinborn	01.07.2014
07/2014/0008-R	3	07232331	Zendscheid	07232331	Zendscheid	01.07.2014
07/2014/0009-R	3	07331055	Osthofen, Stadt	07331055	Osthofen, Stadt	01.07.2014
07/2014/0009-R	3	07331006	Bechtheim	07331006	Bechtheim	01.07.2014
07/2014/0009-R	3	07331009	Bermersheim	07331009	Bermersheim	01.07.2014
07/2014/0009-R	3	07331011	Hochborn	07331011	Hochborn	01.07.2014
07/2014/0009-R	3	07331015	Dittelsheim-Heßloch	07331015	Dittelsheim-Heßloch	01.07.2014
07/2014/0009-R	3	07331028	Frettenheim	07331028	Frettenheim	01.07.2014
07/2014/0009-R	3	07331036	Gundersheim	07331036	Gundersheim	01.07.2014
07/2014/0009-R	3	07331037	Gundheim	07331037	Gundheim	01.07.2014
07/2014/0009-R	3	07331039	Hangen-Weisheim	07331039	Hangen-Weisheim	01.07.2014
07/2014/0009-R	3	07331049	Monzernheim	07331049	Monzernheim	01.07.2014
07/2014/0009-R	3	07331071	Westhofen	07331071	Westhofen	01.07.2014
07/2014/0010-R	3	07335007	Fischbach	07335007	Fischbach	01.07.2014
07/2014/0010-R	3	07335010	Frankenstein	07335010	Frankenstein	01.07.2014
07/2014/0010-R	3	07335015	Hochspeyer	07335015	Hochspeyer	01.07.2014
07/2014/0010-R	3	07335048	Waldleiningen	07335048	Waldleiningen	01.07.2014
07/2014/0011-R	3	07335009	Frankelbach	07335009	Frankelbach	01.07.2014
07/2014/0011-R	3	07335014	Hirschhorn/ Pfalz	07335014	Hirschhorn/ Pfalz	01.07.2014
07/2014/0011-R	3	07335017	Katzweiler	07335017	Katzweiler	01.07.2014
07/2014/0011-R	3	07335025	Mehlbach	07335025	Mehlbach	01.07.2014
07/2014/0011-R	3	07335033	Olsbrücken	07335033	Olsbrücken	01.07.2014
07/2014/0011-R	3	07335034	Otterbach	07335034	Otterbach	01.07.2014
07/2014/0011-R	3	07335046	Sulzbachtal	07335046	Sulzbachtal	01.07.2014
07/2014/0011-R	3	07335013	Heiligenmoschel	07335013	Heiligenmoschel	01.07.2014
07/2014/0011-R	3	07335029	Niederkirchen	07335029	Niederkirchen	01.07.2014
07/2014/0011-R	3	07335035	Otterberg, Stadt	07335035	Otterberg, Stadt	01.07.2014
07/2014/0011-R	3	07335041	Schallodenbach	07335041	Schallodenbach	01.07.2014
07/2014/0011-R	3	07335042	Schneckenhausen	07335042	Schneckenhausen	01.07.2014
07/2014/0012-R	3	07336001	Adenbach	07336001	Adenbach	01.07.2014
07/2014/0012-R	3	07336012	Buborn	07336012	Buborn	01.07.2014
07/2014/0012-R	3	07336013	Cronenberg	07336013	Cronenberg	01.07.2014
07/2014/0012-R	3	07336014	Deimberg	07336014	Deimberg	01.07.2014
07/2014/0012-R	3	07336029	Ginsweiler	07336029	Ginsweiler	01.07.2014
07/2014/0012-R	3	07336030	Glanbrücken	07336030	Glanbrücken	01.07.2014
07/2014/0012-R	3	07336033	Grumbach	07336033	Grumbach	01.07.2014
07/2014/0012-R	3	07336035	Hausweiler	07336035	Hausweiler	01.07.2014
07/2014/0012-R	3	07336038	Heinzenhausen	07336038	Heinzenhausen	01.07.2014
07/2014/0012-R	3	07336040	Herren-Sulzbach	07336040	Herren-Sulzbach	01.07.2014
07/2014/0012-R	3	07336043	Hohenöllen	07336043	Hohenöllen	01.07.2014
07/2014/0012-R	3	07336044	Homberg	07336044	Homberg	01.07.2014
07/2014/0012-R	3	07336045	Hoppstädten	07336045	Hoppstädten	01.07.2014
07/2014/0012-R	3	07336049	Kappeln	07336049	Kappeln	01.07.2014
07/2014/0012-R	3	07336050	Kirrweiler	07336050	Kirrweiler	01.07.2014
07/2014/0012-R	3	07336057	Langweiler	07336057	Langweiler	01.07.2014
07/2014/0012-R	3	07336058	Lauterecken, Stadt	07336058	Lauterecken, Stadt	01.07.2014
07/2014/0012-R	3	07336060	Lohnweiler	07336060	Lohnweiler	01.07.2014
07/2014/0012-R	3	07336061	Medard	07336061	Medard	01.07.2014
07/2014/0012-R	3	07336062	Merzweiler	07336062	Merzweiler	01.07.2014
07/2014/0012-R	3	07336065	Nerzweiler	07336065	Nerzweiler	01.07.2014
07/2014/0012-R	3	07336074	Odenbach	07336074	Odenbach	01.07.2014
07/2014/0012-R	3	07336075	Offenbach-Hundheim	07336075	Offenbach-Hundheim	01.07.2014
07/2014/0012-R	3	07336095	Sankt Julian	07336095	Sankt Julian	01.07.2014
07/2014/0012-R	3	07336100	Unterjeckenbach	07336100	Unterjeckenbach	01.07.2014
07/2014/0012-R	3	07336104	Wiesweiler	07336104	Wiesweiler	01.07.2014
07/2014/0012-R	3	07336005	Aschbach	07336005	Aschbach	01.07.2014
07/2014/0012-R	3	07336019	Einöllen	07336019	Einöllen	01.07.2014
07/2014/0012-R	3	07336023	Eßweiler	07336023	Eßweiler	01.07.2014
07/2014/0012-R	3	07336036	Hefersweiler	07336036	Hefersweiler	01.07.2014
07/2014/0012-R	3	07336042	Hinzweiler	07336042	Hinzweiler	01.07.2014
07/2014/0012-R	3	07336048	Jettenbach	07336048	Jettenbach	01.07.2014
07/2014/0012-R	3	07336053	Kreimbach-Kaulbach	07336053	Kreimbach-Kaulbach	01.07.2014
07/2014/0012-R	3	07336069	Nußbach	07336069	Nußbach	01.07.2014
07/2014/0012-R	3	07336072	Oberweiler im Tal	07336072	Oberweiler im Tal	01.07.2014
07/2014/0012-R	3	07336073	Oberweiler-Tiefenbach	07336073	Oberweiler-Tiefenbach	01.07.2014
07/2014/0012-R	3	07336085	Reipoltskirchen	07336085	Reipoltskirchen	01.07.2014
07/2014/0012-R	3	07336086	Relsberg	07336086	Relsberg	01.07.2014
07/2014/0012-R	3	07336087	Rothselberg	07336087	Rothselberg	01.07.2014
07/2014/0012-R	3	07336090	Rutsweiler an der Lauter	07336090	Rutsweiler an der Lauter	01.07.2014
07/2014/0012-R	3	07336105	Wolfstein, Stadt	07336105	Wolfstein, Stadt	01.07.2014
07/2014/0013-R	3	07337047	Kirrweiler (Pfalz)	07337047	Kirrweiler (Pfalz)	01.07.2014
07/2014/0013-R	3	07337052	Maikammer	07337052	Maikammer	01.07.2014
07/2014/0013-R	3	07337070	Sankt Martin	07337070	Sankt Martin	01.07.2014
07/2014/0014-R	3	07338016	Lambsheim	07338016	Lambsheim	01.07.2014
07/2014/0014-R	3	07338002	Beindersheim	07338002	Beindersheim	01.07.2014
07/2014/0014-R	3	07338009	Großniedesheim	07338009	Großniedesheim	01.07.2014
07/2014/0014-R	3	07338012	Heßheim	07338012	Heßheim	01.07.2014
07/2014/0014-R	3	07338013	Heuchelheim bei Frankenthal	07338013	Heuchelheim bei Frankenthal	01.07.2014
07/2014/0014-R	3	07338015	Kleinniedesheim	07338015	Kleinniedesheim	01.07.2014
07/2014/0015-R	3	07338023	Römerberg	07338023	Römerberg	01.07.2014
07/2014/0015-R	3	07338007	Dudenhofen	07338007	Dudenhofen	01.07.2014
07/2014/0015-R	3	07338010	Hanhofen	07338010	Hanhofen	01.07.2014
07/2014/0015-R	3	07338011	Harthausen	07338011	Harthausen	01.07.2014
07/2014/0016-R	3	07338001	Altrip	07338001	Altrip	01.07.2014
07/2014/0016-R	3	07338020	Neuhofen	07338020	Neuhofen	01.07.2014
07/2014/0016-R	3	07338021	Otterstadt	07338021	Otterstadt	01.07.2014
07/2014/0016-R	3	07338026	Waldsee	07338026	Waldsee	01.07.2014
07/2014/0017-R	3	07339013	Dolgesheim	07339013	Dolgesheim	01.07.2014
07/2014/0017-R	3	07339015	Eimsheim	07339015	Eimsheim	01.07.2014
07/2014/0017-R	3	07339024	Guntersblum	07339024	Guntersblum	01.07.2014
07/2014/0017-R	3	07339028	Hillesheim	07339028	Hillesheim	01.07.2014
07/2014/0017-R	3	07339035	Ludwigshöhe	07339035	Ludwigshöhe	01.07.2014
07/2014/0017-R	3	07339059	Uelversheim	07339059	Uelversheim	01.07.2014
07/2014/0017-R	3	07339064	Weinolsheim	07339064	Weinolsheim	01.07.2014
07/2014/0017-R	3	07339066	Wintersheim	07339066	Wintersheim	01.07.2014
07/2014/0017-R	3	07339201	Dorn-Dürkheim	07339201	Dorn-Dürkheim	01.07.2014
07/2014/0018-R	3	07340023	Höheischweiler	07340023	Höheischweiler	01.07.2014
07/2014/0018-R	3	07340024	Höhfröschen	07340024	Höhfröschen	01.07.2014
07/2014/0018-R	3	07340035	Nünschweiler	07340035	Nünschweiler	01.07.2014
07/2014/0018-R	3	07340037	Petersberg	07340037	Petersberg	01.07.2014
07/2014/0018-R	3	07340051	Thaleischweiler-Fröschen	07340051	Thaleischweiler-Fröschen	01.07.2014
07/2014/0018-R	3	07340217	Maßweiler	07340217	Maßweiler	01.07.2014
07/2014/0018-R	3	07340220	Reifenberg	07340220	Reifenberg	01.07.2014
07/2014/0018-R	3	07340222	Rieschweiler-Mühlbach	07340222	Rieschweiler-Mühlbach	01.07.2014
07/2014/0018-R	3	07340017	Herschberg	07340017	Herschberg	01.07.2014
07/2014/0018-R	3	07340018	Hettenhausen	07340018	Hettenhausen	01.07.2014
07/2014/0018-R	3	07340041	Saalstadt	07340041	Saalstadt	01.07.2014
07/2014/0018-R	3	07340042	Schauerberg	07340042	Schauerberg	01.07.2014
07/2014/0018-R	3	07340055	Weselberg	07340055	Weselberg	01.07.2014
07/2014/0018-R	3	07340204	Biedershausen	07340204	Biedershausen	01.07.2014
07/2014/0018-R	3	07340215	Knopp-Labach	07340215	Knopp-Labach	01.07.2014
07/2014/0018-R	3	07340216	Krähenberg	07340216	Krähenberg	01.07.2014
07/2014/0018-R	3	07340219	Obernheim-Kirchenarnbach	07340219	Obernheim-Kirchenarnbach	01.07.2014
07/2014/0018-R	3	07340224	Schmitshausen	07340224	Schmitshausen	01.07.2014
07/2014/0018-R	3	07340225	Wallhalben	07340225	Wallhalben	01.07.2014
07/2014/0018-R	3	07340228	Winterbach (Pfalz)	07340228	Winterbach (Pfalz)	01.07.2014
01/2009/0015-R	4	01059093	Uelsby	01059093	Ülsby	01.09.2014
08/2014/0003-R	4	08425141	Blaustein, Stadt	08425141	Blaustein	01.10.2014
13/2014/0021-R	4	13075128	Stolpe an der Peene	13075128	Stolpe	01.12.2014
